,Lines,Lon,VehicleNumber,Time,Lat,Brigade,Speed
28286,219,21.148563,1000,2024-02-19 10:27:30,52.186763,1,51.13552474561627
35363,213,21.1241483,1005,2024-02-19 10:29:47,52.2149551,4,51.10563152693265
49507,213,21.100349,1005,2024-02-19 10:33:44,52.215743,4,95.48281536500356
3544,L-8,20.944074,10071,2024-02-19 10:20:05,52.399755,1,51.749567775368284
38902,L-8,21.0014546,10071,2024-02-19 10:30:44,52.3955285,1,50.63158424039153
3547,L24,21.0382961,10074,2024-02-19 10:20:07,52.0628696,696,55.083570720442374
12384,L-8,21.0434841,10075,2024-02-19 10:22:50,52.3968056,02,55.46606804688708
30066,L-8,21.0413773,10075,2024-02-19 10:28:07,52.3818278,02,54.229205814282196
47745,L-8,21.0450868,10075,2024-02-19 10:33:26,52.3944158,02,51.15644274892839
22995,213,21.102954,1009,2024-02-19 10:26:03,52.2134421,2,51.64820622938609
40683,192,21.017729,1021,2024-02-19 10:31:11,52.159069,1,56.042782923465595
42450,192,21.017715,1021,2024-02-19 10:31:40,52.163418,1,60.031573930076746
44217,192,21.01829,1021,2024-02-19 10:32:11,52.167637,1,54.66980738936311
30078,192,21.017467,1024,2024-02-19 10:28:09,52.167744,5,54.2829280967027
31846,192,21.0171287,1024,2024-02-19 10:28:40,52.1629356,5,62.148464544764515
33614,192,21.0172734,1024,2024-02-19 10:29:15,52.157788,5,58.88284479715994
35382,192,21.017566,1024,2024-02-19 10:29:44,52.153667,5,56.93820230252945
26544,263,21.0175957,1026,2024-02-19 10:27:13,52.1590047,06,54.487724526356644
28312,263,21.017536,1026,2024-02-19 10:27:33,52.1619759,06,59.47334328925224
30080,263,21.0174632,1026,2024-02-19 10:28:08,52.1664809,06,51.527083256809476
12417,107,21.082555,1045,2024-02-19 10:22:47,52.1904983,4,51.55052232005881
8888,228,20.911663,1051,2024-02-19 10:21:23,52.205453,1,51.36886207616249
33651,263,21.105207,1062,2024-02-19 10:29:10,52.161396,4,50.113442599222
12436,108,21.083061,1065,2024-02-19 10:22:47,52.190582,5,52.53831019747323
47801,107,21.047968,1069,2024-02-19 10:33:26,52.208744,6,55.17920586763682
35431,200,21.1034684,1074,2024-02-19 10:29:47,52.1184876,2,62.57739983672957
37199,200,21.0989994,1074,2024-02-19 10:30:12,52.1214111,2,64.20112503534078
38967,200,21.0961897,1074,2024-02-19 10:30:42,52.1254625,2,58.75584665679701
40735,200,21.0982454,1074,2024-02-19 10:31:17,52.130401,2,58.2976194202246
46037,200,21.0962889,1074,2024-02-19 10:33:03,52.1429309,2,52.721226932527436
47806,200,21.094378,1074,2024-02-19 10:33:26,52.145866,2,55.00999449770722
42511,303,20.9324818,1109,2024-02-19 10:31:41,52.306357,1,56.08220827258017
1856,197,21.0028166,1118,2024-02-19 10:19:38,52.2664836,010,61.613906744063854
3623,197,21.0052621,1118,2024-02-19 10:20:03,52.262478,010,68.4689797104496
5390,197,21.0087683,1118,2024-02-19 10:20:33,52.2579841,010,66.4505110606371
19531,197,21.0150941,1118,2024-02-19 10:24:53,52.2622975,010,62.53504992007592
23068,197,21.026977,1118,2024-02-19 10:25:58,52.2656143,010,51.326208574820384
24837,197,21.03553,1118,2024-02-19 10:26:33,52.26756,010,63.86832366913076
7163,263,21.108349,1201,2024-02-19 10:21:13,52.166527,5,55.179612288348295
14232,263,21.092863,1201,2024-02-19 10:23:32,52.160847,5,57.54677742792818
28382,118,21.032448,1205,2024-02-19 10:27:34,52.230129,4,50.97238164052541
8943,139,21.095427,1216,2024-02-19 10:21:39,52.14381,62,52.0290054206576
10710,139,21.099319,1216,2024-02-19 10:22:27,52.137794,62,53.98105988407693
33695,139,21.1083407,1216,2024-02-19 10:29:15,52.1145454,62,58.03731553635644
44301,139,21.1042887,1216,2024-02-19 10:32:19,52.1059187,62,53.5167939270425
24860,251,21.038471,1221,2024-02-19 10:26:36,52.176487,64,52.98567324998605
17795,183,21.14591,1414,2024-02-19 10:24:34,52.250217,4,52.643112262927815
19563,183,21.15052,1414,2024-02-19 10:24:59,52.252239,4,55.59104242100998
16028,147,21.110312,1415,2024-02-19 10:23:57,52.20739,2,55.48752777600282
19564,147,21.115393,1415,2024-02-19 10:24:59,52.202534,2,65.51026350628545
19567,730,21.300409,1418,2024-02-19 10:24:58,52.181961,52,50.98255260574558
37249,730,21.289064,1418,2024-02-19 10:30:12,52.18029,52,52.92966802616099
42552,730,21.283066,1418,2024-02-19 10:31:45,52.187843,52,55.91617821756994
47866,119,21.063461,1429,2024-02-19 10:33:25,52.202209,1,55.00155823017738
5441,126,21.009253,1505,2024-02-19 10:20:34,52.303726,1,58.454533245176755
24894,115,21.1836983,1520,2024-02-19 10:26:29,52.2474233,4,68.17262675700486
42573,115,21.172058,1520,2024-02-19 10:31:38,52.243094,4,54.33227550173527
19594,183,21.1067167,1526,2024-02-19 10:24:54,52.2414033,1,54.54457566283173
12524,147,21.141698,1528,2024-02-19 10:22:40,52.198283,5,89.96878190520874
16060,147,21.136503,1528,2024-02-19 10:23:40,52.19659,5,75.09716563921981
30207,702,21.191826,1529,2024-02-19 10:28:06,52.136821,2,68.27011072292929
31975,702,21.194005,1529,2024-02-19 10:28:32,52.132643,2,67.54108056904552
37279,702,21.19995,1529,2024-02-19 10:29:52,52.124438,2,94.04009246469703
3693,139,21.09677,1534,2024-02-19 10:19:59,52.1422767,61,54.34973569658472
5460,139,21.0939517,1534,2024-02-19 10:20:31,52.1465967,61,58.2106918997794
42586,139,21.049369,1534,2024-02-19 10:31:37,52.174038,61,66.58583368515065
5466,303,20.930095,1540,2024-02-19 10:20:21,52.307436,3,74.66520173437438
42592,303,20.939815,1540,2024-02-19 10:31:33,52.2807933,3,83.25410306179194
9005,123,21.060095,1544,2024-02-19 10:21:27,52.2504017,6,51.331403668797954
1944,166,21.051098,1553,2024-02-19 10:19:29,52.239473,343,51.351017891174656
19620,169,21.04744,1554,2024-02-19 10:24:50,52.2842283,3,50.22472836748
51448,107,21.0802033,1555,2024-02-19 10:34:22,52.1904883,5,58.1484881646144
33772,166,21.0483681,1804,2024-02-19 10:29:11,52.2452668,5,52.628640240279395
42614,156,21.0701595,1807,2024-02-19 10:31:41,52.2706168,1,54.88956539950405
42619,181,20.9085241,1812,2024-02-19 10:31:45,52.3067105,4,50.84985320029083
44400,173,21.170801,1842,2024-02-19 10:32:15,52.242949,3,50.05610538805751
37336,119,21.182315,1849,2024-02-19 10:30:07,52.2068878,5,62.1459907522044
42640,173,21.2597758,1851,2024-02-19 10:31:37,52.2408883,9,94.89836578059824
21426,181,20.933435,1856,2024-02-19 10:25:21,52.3058816,1,62.716131273250916
42642,181,20.9049955,1856,2024-02-19 10:31:41,52.3007451,1,54.21053197868757
42644,173,21.1198788,1858,2024-02-19 10:31:46,52.2374913,7,51.47482832192423
12590,722,21.125971,1863,2024-02-19 10:22:42,52.234683,61,56.91641604419019
37344,722,21.1683576,1863,2024-02-19 10:30:11,52.2256046,61,59.3883829736673
42647,722,21.1849933,1863,2024-02-19 10:31:41,52.2251216,61,64.39718232733306
44414,722,21.194756,1863,2024-02-19 10:32:16,52.224771,61,68.51492238619369
46182,722,21.2062458,1863,2024-02-19 10:33:01,52.2243186,61,62.73897141347498
49720,722,21.2182555,1863,2024-02-19 10:33:56,52.2238943,61,56.72765096434615
35582,222,21.014257,1906,2024-02-19 10:29:45,52.193165,3,73.79939523264684
7302,251,21.125685,1914,2024-02-19 10:21:09,52.092049,63,57.84782612329958
24999,710,21.0890219,2004,2024-02-19 10:26:39,52.1311007,4,53.55307908359951
30303,710,21.0963087,2004,2024-02-19 10:28:04,52.1269545,4,50.40521442566055
40911,710,21.1116597,2004,2024-02-19 10:31:18,52.1111129,4,56.912820966258906
32074,217,21.070122,2007,2024-02-19 10:28:36,52.154251,3,50.817617123262536
7330,519,21.084528,2016,2024-02-19 10:21:16,52.16555,4,51.81680887688636
26788,709,21.018644,2026,2024-02-19 10:27:11,52.099945,2,51.276576458746646
32092,709,21.018839,2026,2024-02-19 10:28:42,52.092484,2,56.31669302770352
17950,189,21.044584,2030,2024-02-19 10:24:32,52.176231,021,50.84216303351774
48010,189,20.896938,2033,2024-02-19 10:33:24,52.232128,1,51.989473799932156
2051,742,21.189394,2039,2024-02-19 10:19:43,52.024502,1,72.77403761148969
3818,742,21.188423,2039,2024-02-19 10:20:03,52.027176,1,54.84001212323531
16190,742,21.172663,2039,2024-02-19 10:23:56,52.04591,1,59.7150045549633
32104,742,21.146229,2039,2024-02-19 10:28:40,52.068085,1,57.06336014405684
33872,742,21.141058,2039,2024-02-19 10:29:13,52.072159,1,62.681139669562604
35640,742,21.135626,2039,2024-02-19 10:29:49,52.076466,1,60.595920451062234
37408,742,21.132687,2039,2024-02-19 10:30:12,52.079468,1,60.976705801854806
42711,742,21.125944,2039,2024-02-19 10:31:45,52.086185,1,52.23574140964296
26802,402,21.113714,2041,2024-02-19 10:27:11,52.228188,8,67.02841340760908
28570,402,21.110388,2041,2024-02-19 10:27:33,52.226063,8,53.56461222037853
30338,402,21.105312,2041,2024-02-19 10:28:06,52.222927,8,53.570144499139275
40946,402,21.093113,2041,2024-02-19 10:31:15,52.214939,8,53.436518054637965
42713,402,21.087406,2041,2024-02-19 10:31:46,52.211174,8,66.35183719583978
44480,402,21.083691,2041,2024-02-19 10:32:16,52.207191,8,61.21497462582565
46248,402,21.0732,2041,2024-02-19 10:33:02,52.203743,8,63.48651611392442
48017,402,21.066637,2041,2024-02-19 10:33:27,52.202892,8,65.82959599888981
49786,402,21.057711,2041,2024-02-19 10:33:58,52.201199,8,73.94655235305478
51555,402,21.051359,2041,2024-02-19 10:34:34,52.197754,8,57.80561727497866
9128,191,20.954981,2201,2024-02-19 10:21:37,52.213966,1,57.64804710240767
17966,191,20.942715,2201,2024-02-19 10:24:33,52.205841,1,51.25541926406907
21503,191,20.936462,2201,2024-02-19 10:25:30,52.201733,1,51.400277655101505
12671,517,21.029045,2210,2024-02-19 10:22:50,52.230019,4,70.80477197303415
9141,317,21.061028,2216,2024-02-19 10:21:39,52.171459,3,64.78297194872982
16223,401,20.957596,2228,2024-02-19 10:23:58,52.190228,7,81.40940988071138
25065,401,20.974941,2228,2024-02-19 10:26:33,52.184624,7,66.12588054878621
30369,401,20.98657,2228,2024-02-19 10:28:06,52.181324,7,50.4903143828036
33905,401,20.994045,2228,2024-02-19 10:29:11,52.179897,7,52.556989441570515
42747,105,20.9291809,2231,2024-02-19 10:31:44,52.2230654,770,57.98343879021579
5622,717,20.873085,2232,2024-02-19 10:20:41,52.178005,66,55.1816546304767
7390,717,20.879345,2232,2024-02-19 10:21:11,52.180218,66,59.122258529989864
9157,717,20.884676,2232,2024-02-19 10:21:37,52.180725,66,50.929580095602375
14459,717,20.897682,2232,2024-02-19 10:23:30,52.183887,66,58.04502924204491
23300,717,20.910023,2232,2024-02-19 10:26:02,52.187252,66,56.558931768915926
26837,717,20.919424,2232,2024-02-19 10:27:12,52.18988,66,52.870600270132826
28605,717,20.922972,2232,2024-02-19 10:27:32,52.191914,66,59.60314499491217
30373,717,20.928314,2232,2024-02-19 10:28:07,52.195309,66,53.94811272230861
39213,717,20.936222,2232,2024-02-19 10:30:44,52.201019,66,53.26447192821546
37452,716,20.84993,2239,2024-02-19 10:30:07,52.189125,63,57.186049205082455
5632,523,20.991457,2242,2024-02-19 10:20:40,52.216503,7,56.73377598043826
5642,713,20.831093,2253,2024-02-19 10:20:39,52.21315,1,69.47560471283262
7415,187,20.9350354,2258,2024-02-19 10:21:16,52.2003035,12,50.77739699812492
5649,L22,21.3116176,25181,2024-02-19 10:20:37,52.1267926,2,51.11117140375847
23327,L22,21.3272216,25181,2024-02-19 10:26:05,52.1433098,2,52.585883075611925
25096,L22,21.3231183,25181,2024-02-19 10:26:41,52.1472105,2,51.62604022449996
26864,L22,21.3191295,25181,2024-02-19 10:27:11,52.1505044,2,54.75735840798327
48079,L22,21.3052121,25181,2024-02-19 10:33:25,52.1602965,2,53.08282540547469
37475,L22,21.3040311,25185,2024-02-19 10:30:09,52.161006,1,59.43474050534203
39243,L22,21.3102271,25185,2024-02-19 10:30:45,52.156511,1,65.45722338694584
41011,L22,21.3158801,25185,2024-02-19 10:31:15,52.1533353,1,62.748016772868006
30408,190,21.0846796,3402,2024-02-19 10:27:48,52.2983675,3,53.944776410665725
21570,738,21.1730091,3405,2024-02-19 10:25:33,52.4050935,4,50.92701927818609
33947,738,21.1614093,3405,2024-02-19 10:29:13,52.3910591,4,51.9351420598567
37483,738,21.1577941,3405,2024-02-19 10:30:13,52.3867131,4,54.162897339998786
48090,738,21.1477028,3405,2024-02-19 10:33:28,52.3745961,4,52.84654283879925
49859,738,21.1438686,3405,2024-02-19 10:34:03,52.3700135,4,58.85430023982612
51628,738,21.1404438,3405,2024-02-19 10:34:33,52.366247,4,57.48410392197371
16266,190,21.0235135,3406,2024-02-19 10:23:59,52.2499715,5,56.99642950385212
41020,190,21.0545303,3406,2024-02-19 10:31:14,52.2632606,5,60.64696851138278
42787,190,21.058633,3406,2024-02-19 10:31:44,52.2663971,5,53.61033848786729
35720,112,21.08256,3410,2024-02-19 10:29:44,52.3076566,6,60.56503544304939
41024,112,21.0649799,3410,2024-02-19 10:31:14,52.307635,6,67.72602147807645
30417,112,21.07218,3411,2024-02-19 10:28:07,52.307175,8,55.08216791727398
32185,112,21.079235,3411,2024-02-19 10:28:40,52.3071266,8,52.32911791684201
9202,145,21.1259678,3412,2024-02-19 10:21:35,52.260956,10,53.4407161232766
49867,162,21.0750701,3413,2024-02-19 10:33:57,52.1908616,3,52.180155015576986
26888,512,21.0599918,3418,2024-02-19 10:27:08,52.2682798,3,50.229429044441105
44574,723,20.9951756,3426,2024-02-19 10:32:18,52.297953,476,53.35926846212675
35737,145,21.0110158,3427,2024-02-19 10:29:45,52.2928328,2,54.52568260286834
18057,509,21.0510251,3429,2024-02-19 10:24:31,52.2396493,5,59.96360754713227
30440,527,21.053169,3434,2024-02-19 10:28:08,52.294353,514,50.98199203865475
9228,500,21.047391,3438,2024-02-19 10:21:34,52.2845011,6,53.747541584476046
33981,723,20.9268233,3439,2024-02-19 10:29:10,52.3728353,475,51.26102767140977
12781,509,21.060244,3457,2024-02-19 10:22:45,52.2336056,4,55.29104982332568
42842,705,21.0740268,3461,2024-02-19 10:31:42,52.469177,63,51.90946653230087
11021,500,21.012245,3464,2024-02-19 10:22:25,52.2615821,7,52.42168049811096
12788,500,21.0162988,3464,2024-02-19 10:22:45,52.2626051,7,53.71556388317947
19860,500,21.0279851,3464,2024-02-19 10:24:55,52.2659701,7,54.724353573194385
18103,L12,20.9637463,35137,2024-02-19 10:24:35,52.0347001,683,51.38389507915536
23408,L12,20.967876,35137,2024-02-19 10:26:02,52.0399386,683,52.48733471477859
41089,L12,21.001764,35137,2024-02-19 10:31:15,52.0526078,683,51.54223509647664
9278,178,20.972261,4206,2024-02-19 10:21:34,52.229008,6,51.09750156351999
9279,207,20.87561,4207,2024-02-19 10:21:37,52.189758,2,61.41320504610544
18118,178,20.936346,4208,2024-02-19 10:24:32,52.201595,5,50.946240637702886
9287,154,20.965202,4215,2024-02-19 10:21:37,52.183537,4,54.64122055027163
21662,154,20.946249,4215,2024-02-19 10:25:33,52.178497,4,54.51175255946906
39343,154,20.951738,4215,2024-02-19 10:30:45,52.183231,4,52.97691528469802
44645,154,20.965939,4215,2024-02-19 10:32:17,52.183464,4,61.912310032963795
19896,178,20.94257,4218,2024-02-19 10:24:57,52.205364,7,51.08906680629987
5760,729,20.69911,4224,2024-02-19 10:20:38,52.261692,1,51.495990972055566
9295,729,20.689781,4224,2024-02-19 10:21:38,52.26038,1,56.87646040089078
11062,729,20.679836,4224,2024-02-19 10:22:25,52.261387,1,52.5480431842108
19901,729,20.692633,4224,2024-02-19 10:24:56,52.260101,1,61.46369552561786
21670,729,20.6999519,4224,2024-02-19 10:25:32,52.259401,1,50.417253902507
25207,729,20.7151439,4224,2024-02-19 10:26:39,52.2566814,1,72.6380024574039
26975,729,20.722963,4224,2024-02-19 10:27:12,52.254871,1,62.07476030634012
28743,729,20.728231,4224,2024-02-19 10:27:33,52.253899,1,64.20350402039004
37583,729,20.750191,4224,2024-02-19 10:30:11,52.256039,1,51.89203025748948
11063,714,20.795402,4225,2024-02-19 10:22:21,52.2579661,1,55.839104305045915
12830,714,20.795317,4225,2024-02-19 10:22:48,52.254585,1,50.134090740768094
18134,714,20.807938,4225,2024-02-19 10:24:32,52.253014,1,54.71029126865981
19902,714,20.813536,4225,2024-02-19 10:24:57,52.252655,1,55.1732032870612
2228,129,21.019218,4226,2024-02-19 10:19:40,52.248123,4,60.078366731820616
5762,129,21.00679,4226,2024-02-19 10:20:39,52.246086,4,57.542119084719126
18135,129,20.982561,4226,2024-02-19 10:24:33,52.238113,4,63.90424492722337
30513,129,20.958582,4226,2024-02-19 10:28:05,52.231827,4,50.81902200919091
48192,129,20.931011,4226,2024-02-19 10:33:26,52.223763,4,52.35011253021867
49961,129,20.924074,4226,2024-02-19 10:33:57,52.222,4,59.40918094888798
51730,129,20.917246,4226,2024-02-19 10:34:30,52.220375,4,54.43484311328691
49967,154,20.978327,4232,2024-02-19 10:33:57,52.182724,1,50.51501059651327
48199,122,20.947844,4233,2024-02-19 10:33:27,52.264648,9,57.10194932015301
9322,173,21.2572112,4301,2024-02-19 10:21:39,52.2381159,1,52.45004936315956
18160,173,21.244117,4301,2024-02-19 10:24:35,52.2264714,1,52.6068296264387
16393,153,21.1636174,4302,2024-02-19 10:24:00,52.2750859,3,57.73944997994719
46449,153,21.1750792,4302,2024-02-19 10:33:04,52.2567919,3,56.909029915865936
9325,115,21.1954402,4304,2024-02-19 10:21:38,52.1779937,1,51.30253303540007
46452,146,21.06949,4305,2024-02-19 10:33:05,52.2215076,5,50.496464297233985
51759,146,21.0810587,4305,2024-02-19 10:34:34,52.2212432,5,54.382366689259804
16400,115,21.1768071,4309,2024-02-19 10:24:01,52.1966019,3,51.75150665383598
18168,115,21.1804892,4309,2024-02-19 10:24:35,52.1928779,3,51.269124362487474
32314,115,21.1979457,4309,2024-02-19 10:28:42,52.17543,3,54.14181086795316
9343,119,21.0935174,4322,2024-02-19 10:21:38,52.2151752,3,53.33385967441287
11110,119,21.0862849,4322,2024-02-19 10:22:27,52.210043,3,55.394767013477434
14645,119,21.0770179,4322,2024-02-19 10:23:34,52.2042464,3,51.00110369312466
16413,119,21.0715917,4322,2024-02-19 10:24:00,52.2035707,3,52.24579855425257
25255,119,21.0559474,4322,2024-02-19 10:26:40,52.2006084,3,57.413556977630535
4042,702,21.1966246,4323,2024-02-19 10:20:04,52.1295501,1,50.80081290484333
37632,702,21.1621243,4323,2024-02-19 10:30:10,52.1631111,1,51.842082393978195
35867,168,21.0573995,4326,2024-02-19 10:29:48,52.2080331,1,51.306913030906976
50011,168,21.0805376,4326,2024-02-19 10:33:57,52.2050683,1,84.63138126205432
28805,129,20.9155302,4336,2024-02-19 10:27:35,52.2169372,3,61.06340530956964
27052,134,21.0413,4411,2024-02-19 10:27:11,52.302063,2,59.17670024602151
28820,134,21.035908,4411,2024-02-19 10:27:31,52.30077,2,70.88759291291845
34124,134,21.024485,4411,2024-02-19 10:29:11,52.297657,2,51.46923396106767
39428,134,21.012768,4411,2024-02-19 10:30:45,52.293911,2,52.355314465690185
42963,134,21.004391,4411,2024-02-19 10:31:44,52.291164,2,60.05461646387783
48267,134,20.991751,4411,2024-02-19 10:33:23,52.285885,2,65.21481766868644
50036,134,20.983793,4411,2024-02-19 10:33:58,52.282265,2,69.38575295284915
51805,134,20.976751,4411,2024-02-19 10:34:34,52.278976,2,60.26991289456674
14676,173,21.241827,4413,2024-02-19 10:23:34,52.249706,8,50.8769653431909
37662,173,21.201715,4413,2024-02-19 10:30:10,52.247658,8,59.11721327397526
39430,173,21.19521,4413,2024-02-19 10:30:41,52.248032,8,51.65427623887771
50047,156,20.986801,4422,2024-02-19 10:33:59,52.28331,2,58.98711291423388
51816,156,20.993116,4422,2024-02-19 10:34:29,52.286209,2,64.44721760447214
12920,134,20.98737,4425,2024-02-19 10:22:47,52.283543,1,56.341821188074306
14688,134,20.995255,4425,2024-02-19 10:23:33,52.287155,1,52.43944352325765
16456,134,20.999697,4425,2024-02-19 10:23:58,52.289169,1,54.15533556873977
21761,134,21.011826,4425,2024-02-19 10:25:30,52.293106,1,50.886597505861815
34138,134,21.040201,4425,2024-02-19 10:29:11,52.301487,1,51.908611001467435
35906,134,21.047604,4425,2024-02-19 10:29:47,52.303356,1,54.458125964528236
41210,134,21.060282,4425,2024-02-19 10:31:17,52.306408,1,52.33783112004863
51819,134,21.05344,4425,2024-02-19 10:34:29,52.305264,1,52.25572680027387
2318,156,20.985109,4426,2024-02-19 10:19:43,52.282871,3,59.069728614193345
4085,156,20.979755,4426,2024-02-19 10:20:05,52.280468,3,73.91759052382179
48287,122,20.980066,4431,2024-02-19 10:33:23,52.284103,1,53.14509520293012
32380,521,21.1072437,5201,2024-02-19 10:28:36,52.2413992,5,54.68089197123475
12939,706,20.936989,5211,2024-02-19 10:22:47,52.169599,1,51.7235242987085
2341,713,20.9145483,5216,2024-02-19 10:19:35,52.2147385,05,57.014621161182966
34163,713,20.9127153,5217,2024-02-19 10:29:05,52.219354,3,50.95128410154824
35931,713,20.9046316,5217,2024-02-19 10:29:45,52.2174761,3,53.005792272528495
11183,523,21.0410152,5222,2024-02-19 10:22:27,52.2238042,8,56.17800450649545
34168,523,20.9987788,5222,2024-02-19 10:29:06,52.2169852,8,54.26304494638012
4121,136,21.0215658,5229,2024-02-19 10:20:00,52.1661212,7,63.906467816609926
18262,172,20.986264,5230,2024-02-19 10:24:28,52.198079,6,51.43387703463816
32428,517,20.9528825,5253,2024-02-19 10:28:41,52.2121745,6,51.61582377525125
39500,517,20.9626172,5253,2024-02-19 10:30:41,52.2167732,6,59.208349800331106
20051,191,20.9138389,5254,2024-02-19 10:24:50,52.1993629,5,51.270735957214406
28897,184,20.928703,5259,2024-02-19 10:27:21,52.264396,5,56.857422799577726
44810,132,20.9891,5402,2024-02-19 10:32:17,52.2843,2,51.82464548315927
46578,132,20.996986,5402,2024-02-19 10:33:05,52.287956,2,50.478770430552984
48347,132,21.0033757,5402,2024-02-19 10:33:26,52.2903651,2,87.51838477133093
51885,132,21.0120884,5402,2024-02-19 10:34:33,52.293203,2,54.574930895351976
37741,160,21.055181,5403,2024-02-19 10:30:11,52.26376,519,53.54446559796705
20065,738,21.082327,5409,2024-02-19 10:24:58,52.295578,3,71.64008363968313
21834,738,21.078812,5409,2024-02-19 10:25:33,52.291378,3,53.963416500670874
30675,738,21.070829,5409,2024-02-19 10:28:05,52.281647,3,52.069475801476244
46587,509,20.976562,5412,2024-02-19 10:33:02,52.31456,8,52.2796592275466
44820,500,21.011768,5413,2024-02-19 10:32:16,52.261425,1,55.81281078042864
4163,160,21.054588,5416,2024-02-19 10:20:07,52.263329,517,52.2269463920566
13001,509,20.972635,5418,2024-02-19 10:22:48,52.320477,12,54.592377151865364
51902,132,21.032707,5420,2024-02-19 10:34:29,52.300034,5,50.53176101236623
37764,145,21.120743,5428,2024-02-19 10:30:12,52.267532,6,58.417130384636415
34229,511,20.960577,5429,2024-02-19 10:29:15,52.310917,2,78.4928049198485
35997,511,20.953955,5429,2024-02-19 10:29:45,52.307995,2,66.62320722287514
37765,511,20.948996,5429,2024-02-19 10:30:10,52.305569,2,62.17776461825225
39533,511,20.942007,5429,2024-02-19 10:30:46,52.302212,2,60.42806896847769
41301,511,20.936293,5429,2024-02-19 10:31:16,52.299408,2,59.78056789557296
43068,511,20.933432,5429,2024-02-19 10:31:42,52.296631,2,50.533925968026196
36003,511,20.933485,5435,2024-02-19 10:29:47,52.29623,1,50.34541917298397
37771,511,20.936665,5435,2024-02-19 10:30:12,52.299484,1,60.699406645262634
39539,511,20.943249,5435,2024-02-19 10:30:45,52.302704,1,62.537415983931155
41307,511,20.949469,5435,2024-02-19 10:31:18,52.305679,1,58.573424170996624
43074,511,20.955332,5435,2024-02-19 10:31:46,52.308487,1,65.10120652145855
44841,511,20.963438,5435,2024-02-19 10:32:20,52.311874,1,70.67355752606379
46609,511,20.972536,5435,2024-02-19 10:33:05,52.315098,1,57.18821091219846
39546,199,21.081432,5442,2024-02-19 10:30:46,52.294201,2,53.01916819720644
5956,731,20.945768,5443,2024-02-19 10:20:40,52.363682,478,52.9413188217724
20097,731,20.944853,5443,2024-02-19 10:24:57,52.351505,478,51.59672981271336
21868,527,21.058432,5445,2024-02-19 10:25:29,52.300522,515,55.04106086532912
28941,527,21.062012,5445,2024-02-19 10:27:31,52.309639,515,51.061144597661865
28947,509,21.026918,5451,2024-02-19 10:27:34,52.25835,14,53.57313296989532
44857,509,21.013638,5451,2024-02-19 10:32:19,52.276382,14,55.152187547479926
50163,509,21.007765,5451,2024-02-19 10:33:59,52.285683,14,54.89940588532506
51932,509,21.00354,5451,2024-02-19 10:34:33,52.289948,14,58.713953877686976
4206,723,20.974253,5460,2024-02-19 10:20:06,52.317699,470,52.62674134370514
41335,503,21.0458657,5872,2024-02-19 10:31:11,52.1872637,1,54.627039516754934
5978,503,21.041037,5875,2024-02-19 10:20:41,52.195629,12,55.64554133113409
14815,503,21.045145,5875,2024-02-19 10:23:31,52.182583,12,61.94342119722803
37801,503,21.043224,5875,2024-02-19 10:30:10,52.157036,12,59.84630165691055
16589,503,21.042671,5882,2024-02-19 10:23:57,52.157455,11,60.886790471950356
28972,519,21.081539,5887,2024-02-19 10:27:32,52.166683,5,54.33599485692954
48421,127,20.95277,5889,2024-02-19 10:33:24,52.212467,2,51.16592273982675
13064,175,20.97928,5893,2024-02-19 10:22:50,52.173878,405,54.781033843402575
46662,116,21.040024,5900,2024-02-19 10:32:58,52.196671,4,53.49624322847589
20161,503,21.039087,5920,2024-02-19 10:24:56,52.161541,8,56.584282583098634
29003,503,21.039536,5920,2024-02-19 10:27:36,52.169262,8,50.15588502485117
2493,116,21.0395,5927,2024-02-19 10:19:39,52.197,3,55.64980761429924
34327,180,21.051384,5940,2024-02-19 10:29:09,52.199066,5,50.045170567004355
52012,180,21.0779,5944,2024-02-19 10:34:30,52.1748,438,58.42982542335241
7821,518,20.989086,5954,2024-02-19 10:21:13,52.2659,7,51.052639621793055
41412,518,20.99057,5954,2024-02-19 10:31:17,52.284992,7,68.43134126807944
43179,518,20.996641,5954,2024-02-19 10:31:42,52.287743,7,74.00234396284526
44946,518,21.004263,5954,2024-02-19 10:32:19,52.291035,7,61.746964921326686
46714,518,20.996931,5954,2024-02-19 10:33:04,52.296303,7,61.54136598809103
48483,518,20.993753,5954,2024-02-19 10:33:24,52.299294,7,71.39353151484067
50252,518,20.989336,5954,2024-02-19 10:33:58,52.303684,7,60.68550546155001
13131,518,20.993951,5963,2024-02-19 10:22:32,52.2989,3,50.689297607450534
14899,518,20.999736,5963,2024-02-19 10:23:32,52.291663,3,53.744242817162146
16667,518,20.998721,5963,2024-02-19 10:23:52,52.289093,3,52.91837491537088
18435,518,20.991378,5963,2024-02-19 10:24:32,52.285569,3,57.13439042029034
20203,518,20.987659,5963,2024-02-19 10:24:52,52.283866,3,56.879760303215235
21972,518,20.980865,5963,2024-02-19 10:25:32,52.280729,3,52.11252291256186
23740,518,20.977523,5963,2024-02-19 10:25:52,52.279089,3,52.4616597548083
4298,180,20.942163,5966,2024-02-19 10:20:03,52.269413,12,51.71774362839448
52048,180,21.071623,5981,2024-02-19 10:34:25,52.179718,6,52.476477220570786
21992,518,21.022,5983,2024-02-19 10:25:31,52.2292,2,78.10512020718753
37921,116,21.026358,5999,2024-02-19 10:30:11,52.214737,10,51.440036135136864
25550,L18,20.83484,60055,2024-02-19 10:26:41,52.2746376,1,63.10430637859962
27318,L18,20.8323096,60055,2024-02-19 10:27:12,52.2702565,1,60.002186241224926
39694,L18,20.8385955,60055,2024-02-19 10:30:45,52.255999,1,54.65948770919707
6106,L-7,20.882636,60058,2024-02-19 10:20:40,52.3133923,2,51.372704569165016
30875,517,20.9563977,6216,2024-02-19 10:28:09,52.2147481,1,55.28593768461769
39715,517,20.9435957,6216,2024-02-19 10:30:44,52.2063485,1,53.701757304794874
43250,517,20.9382515,6216,2024-02-19 10:31:45,52.2028072,1,54.14079534795153
48554,517,20.931911,6216,2024-02-19 10:33:26,52.198532,1,52.31932190940641
4371,733,20.814722,6230,2024-02-19 10:20:03,52.096573,507,62.8973979445894
6138,733,20.82128,6230,2024-02-19 10:20:39,52.099659,507,56.42902814092028
7906,733,20.828009,6230,2024-02-19 10:21:15,52.102348,507,54.83159501011724
9673,733,20.832153,6230,2024-02-19 10:21:35,52.104038,507,61.15334807573617
11440,733,20.842924,6230,2024-02-19 10:22:26,52.108433,507,62.34016959245758
13207,733,20.847433,6230,2024-02-19 10:22:47,52.110268,507,63.32444688156832
14975,733,20.857103,6230,2024-02-19 10:23:33,52.114193,507,61.9457590427579
16743,733,20.862783,6230,2024-02-19 10:23:58,52.116467,507,66.67023804615638
18511,733,20.8706154,6230,2024-02-19 10:24:36,52.1205607,507,66.53117606926043
20279,733,20.874582,6230,2024-02-19 10:24:57,52.123119,507,67.33016745289365
22048,733,20.877808,6230,2024-02-19 10:25:30,52.128616,507,70.87650251276412
23816,733,20.879997,6230,2024-02-19 10:26:05,52.134026,507,63.75524333729384
25585,733,20.882767,6230,2024-02-19 10:26:37,52.139809,507,75.40357450112768
27353,733,20.887711,6230,2024-02-19 10:27:14,52.145432,507,69.12636174942074
29121,733,20.891706,6230,2024-02-19 10:27:36,52.148449,507,70.73376927296802
30889,733,20.897566,6230,2024-02-19 10:28:08,52.15279,507,70.51235549220648
32657,733,20.901747,6230,2024-02-19 10:28:39,52.157089,507,64.64410506341672
34425,733,20.905981,6230,2024-02-19 10:29:13,52.162102,507,66.47298507687685
36193,733,20.909048,6230,2024-02-19 10:29:44,52.16692,507,66.78929464742238
39729,733,20.91893,6230,2024-02-19 10:30:42,52.170986,507,79.11774211707825
41497,733,20.927158,6230,2024-02-19 10:31:17,52.168434,507,64.67751630494764
43264,733,20.933123,6230,2024-02-19 10:31:42,52.16655,507,65.89366270606146
20284,523,21.046093,6236,2024-02-19 10:24:54,52.224697,14,52.91810139402059
22053,523,21.054499,6236,2024-02-19 10:25:33,52.226406,14,55.68643937633869
18522,124,20.952438,6242,2024-02-19 10:24:32,52.156418,2,55.59205628242553
32679,L14,21.1481766,70033,2024-02-19 10:28:38,52.0954853,1,50.172377658742846
43286,L14,21.1657561,70033,2024-02-19 10:31:42,52.102263,1,50.7105675291726
50359,L14,21.18043,70033,2024-02-19 10:34:01,52.107272,1,57.05795274845544
2628,L16,21.1498433,70035,2024-02-19 10:19:42,52.1219758,1,60.9493698052196
13231,L16,21.1726966,70035,2024-02-19 10:22:46,52.1261031,1,52.63349061839725
16774,414,20.933767,7201,2024-02-19 10:24:00,52.195015,05,50.364163245336826
43308,191,20.943193,7214,2024-02-19 10:31:44,52.206058,7,53.03732955722485
45075,191,20.937574,7214,2024-02-19 10:32:19,52.202251,7,58.711520647071794
46843,191,20.931225,7214,2024-02-19 10:33:00,52.198051,7,55.90163412460941
48612,191,20.925983,7214,2024-02-19 10:33:25,52.194435,7,77.45550033352453
50381,191,20.920097,7214,2024-02-19 10:33:56,52.190735,7,66.73503129020662
52150,191,20.910992,7214,2024-02-19 10:34:32,52.187653,7,70.90022368399717
16790,189,21.057358,7217,2024-02-19 10:23:59,52.172279,019,51.89713685526339
18558,189,21.047808,7217,2024-02-19 10:24:35,52.174419,019,69.33552046129905
27400,189,21.037121,7217,2024-02-19 10:27:12,52.176956,019,50.50624575332024
50384,189,20.994526,7217,2024-02-19 10:33:59,52.179924,019,52.213639456049286
52153,189,20.987061,7217,2024-02-19 10:34:33,52.181522,019,57.08135326338934
6188,717,20.8405721,7221,2024-02-19 10:20:40,52.1829627,64,51.416360220431336
13259,728,20.882738,7223,2024-02-19 10:22:51,52.094101,1,53.13209342616209
15027,728,20.880745,7223,2024-02-19 10:23:33,52.088909,1,50.842534510048125
16795,728,20.878784,7223,2024-02-19 10:23:59,52.0839,1,79.31976684914272
27405,728,20.872377,7223,2024-02-19 10:27:14,52.067482,1,73.5341515630526
30941,728,20.869793,7223,2024-02-19 10:28:05,52.060913,1,57.27076767113374
38013,728,20.86623,7223,2024-02-19 10:30:10,52.051849,1,52.85773442166505
43316,728,20.862137,7223,2024-02-19 10:31:46,52.041145,1,59.71022507334516
48620,728,20.86797,7223,2024-02-19 10:33:26,52.034473,1,57.18775327727104
50389,728,20.872242,7223,2024-02-19 10:34:00,52.030212,1,58.94271502593282
52158,728,20.87627,7223,2024-02-19 10:34:34,52.026203,1,55.491119595987996
2658,112,20.989334,7225,2024-02-19 10:19:43,52.284428,9,58.32403690942094
4425,112,20.993746,7225,2024-02-19 10:20:03,52.286476,9,67.81128086058928
6192,112,21.001837,7225,2024-02-19 10:20:39,52.289928,9,67.09645998723842
2659,713,20.781349,7226,2024-02-19 10:19:42,52.210827,2,53.50878400280979
25640,713,20.755247,7226,2024-02-19 10:26:38,52.211494,2,54.0090873176158
6194,189,21.076437,7227,2024-02-19 10:20:38,52.176163,020,58.76628620831357
7962,189,21.080238,7227,2024-02-19 10:21:09,52.172523,020,55.815034223897534
30945,189,21.056067,7227,2024-02-19 10:28:07,52.172531,020,61.45601199308929
39785,189,21.0365986,7227,2024-02-19 10:30:46,52.1770136,020,51.79131479108225
34492,719,20.8079716,7238,2024-02-19 10:29:15,52.2530199,3,50.95583519501933
7975,190,21.058231,7240,2024-02-19 10:21:13,52.26598,13,71.88820599403913
34494,190,21.0820984,7240,2024-02-19 10:29:15,52.2949689,13,52.01182248204918
38030,190,21.085665,7240,2024-02-19 10:30:12,52.299343,13,57.05933150371816
39798,190,21.088432,7240,2024-02-19 10:30:42,52.302837,13,51.80103409741553
9746,172,21.041058,7244,2024-02-19 10:21:35,52.195583,7,52.93441276899302
4456,190,21.070723,7257,2024-02-19 10:20:06,52.281067,4,64.93424276553952
22133,190,21.084167,7257,2024-02-19 10:25:32,52.297489,4,57.45412828457612
29209,158,21.096146,7301,2024-02-19 10:27:34,52.234951,4,54.04888843779723
22144,158,20.951956,7309,2024-02-19 10:25:29,52.21204,7,51.55393911644324
6238,182,21.053288,7313,2024-02-19 10:20:39,52.226162,6,53.260844209860586
18617,162,21.03385,7319,2024-02-19 10:24:33,52.245407,4,54.45882372560347
2712,523,20.960419,7321,2024-02-19 10:19:43,52.216919,15,50.26379198094317
34533,523,21.003178,7321,2024-02-19 10:29:14,52.217041,15,63.750695709676506
29230,523,20.905216,7322,2024-02-19 10:27:33,52.25539,2,55.99798643458175
9783,188,21.052642,7323,2024-02-19 10:21:36,52.22602,3,67.4259010296987
20389,188,21.075321,7323,2024-02-19 10:24:56,52.232941,3,55.750929904968714
25699,153,21.117033,7328,2024-02-19 10:26:40,52.234926,04,50.383570926214624
8021,188,20.9989641,7329,2024-02-19 10:21:14,52.2168239,08,50.46050565356747
9788,188,21.0050184,7329,2024-02-19 10:21:39,52.2171172,08,59.57905022976344
9792,158,21.089006,7332,2024-02-19 10:21:36,52.236107,8,69.1825280728991
48688,525,21.048624,7333,2024-02-19 10:33:26,52.225231,7,55.22921838887296
50457,525,21.055729,7333,2024-02-19 10:33:57,52.226692,7,59.28134227076314
25715,850,20.919849,755,2024-02-19 10:26:39,52.315582,2,57.34070246481708
27483,850,20.914267,755,2024-02-19 10:27:14,52.320644,2,69.81990998817926
34555,850,20.9055,755,2024-02-19 10:29:12,52.328396,2,52.17074993835528
20412,150,20.93808,762,2024-02-19 10:24:58,52.300549,5,81.02415997382329
22187,521,21.1747282,7703,2024-02-19 10:25:33,52.197669,1,54.429328977775015
23955,521,21.1785115,7703,2024-02-19 10:26:05,52.1938775,1,55.59787736748019
29260,521,21.1851652,7703,2024-02-19 10:27:35,52.1873855,1,55.2205906317166
43403,521,21.1971159,7703,2024-02-19 10:31:45,52.1753137,1,54.504125558924635
25735,190,21.017467,7714,2024-02-19 10:26:40,52.2474042,014,55.680087697143705
15133,112,21.0054177,7721,2024-02-19 10:23:34,52.2914859,4,51.470717032139405
20437,112,20.994303,7721,2024-02-19 10:24:59,52.2870315,4,63.4158448132507
22206,112,20.9863362,7721,2024-02-19 10:25:33,52.2833969,4,71.57882883375484
23974,112,20.9794302,7721,2024-02-19 10:26:06,52.2802744,4,63.72779725426822
9832,721,20.8930496,7722,2024-02-19 10:21:37,52.1193818,1,62.290295005098315
16902,721,20.8971331,7722,2024-02-19 10:23:59,52.1295143,1,55.62802062599192
29280,721,20.90729,7722,2024-02-19 10:27:34,52.1431728,1,66.97711164748743
36352,721,20.916049,7722,2024-02-19 10:29:47,52.1498388,1,52.650910819250086
38120,721,20.9189008,7722,2024-02-19 10:30:11,52.152473,1,52.746600145881764
2769,188,21.0440879,7728,2024-02-19 10:19:42,52.2244325,013,59.336700276613946
20445,719,20.6029042,7729,2024-02-19 10:24:59,52.2593461,1,55.55020644601927
22214,719,20.6099139,7729,2024-02-19 10:25:32,52.2600252,1,52.693460413388756
23982,719,20.6167137,7729,2024-02-19 10:26:05,52.2607259,1,51.19681141097758
25751,719,20.6238972,7729,2024-02-19 10:26:40,52.261613,1,51.29986287632381
32823,719,20.6434569,7729,2024-02-19 10:28:40,52.2627117,1,54.41192231005044
38127,719,20.6569407,7729,2024-02-19 10:30:12,52.2632872,1,52.066720348377885
39895,719,20.6644114,7729,2024-02-19 10:30:45,52.2633872,1,55.47708847231191
41663,719,20.6714357,7729,2024-02-19 10:31:18,52.262758,1,52.70554489985306
6313,525,21.1466252,7737,2024-02-19 10:20:41,52.2264966,2,51.019070553412085
8081,525,21.1402092,7737,2024-02-19 10:21:16,52.2286304,2,51.145847108406244
11615,525,21.131925,7737,2024-02-19 10:22:27,52.2322126,2,50.19548669015994
39904,525,21.090051,7737,2024-02-19 10:30:46,52.2358497,2,51.17562381518855
46985,502,21.2083187,7748,2024-02-19 10:33:04,52.2243249,465,54.28345651969953
48754,502,21.2015525,7748,2024-02-19 10:33:27,52.2245637,465,72.25696785056708
50523,502,21.1913664,7748,2024-02-19 10:33:59,52.2249269,465,78.18665438422718
52292,502,21.1804909,7748,2024-02-19 10:34:34,52.2252915,465,76.30750404949563
48761,182,21.0687284,7755,2024-02-19 10:33:27,52.2302409,3,53.23422644989359
34621,182,21.0344801,7759,2024-02-19 10:29:11,52.2215686,7,51.454079598651965
43460,182,21.054086,7759,2024-02-19 10:31:45,52.226346,7,55.23013251188237
2801,750,20.79188,776,2024-02-19 10:19:44,52.37838,4,50.36364792842352
15173,250,20.88361,777,2024-02-19 10:23:35,52.305798,1,51.78718394757567
52304,250,20.9081692,777,2024-02-19 10:34:07,52.2864387,1,53.50041036500509
52311,145,21.1264351,7804,2024-02-19 10:34:34,52.2598602,11,54.274940416324114
39936,141,20.9698914,7806,2024-02-19 10:30:46,52.1864046,1,55.470268583237186
41704,141,20.9636592,7806,2024-02-19 10:31:18,52.1885601,1,54.87771427366599
2815,188,21.1399096,7810,2024-02-19 10:19:43,52.2285312,011,63.024215448121225
4582,188,21.1434319,7810,2024-02-19 10:20:08,52.2262044,011,50.80864537398136
16954,188,21.1660439,7810,2024-02-19 10:24:00,52.2065672,011,51.235117068360154
22259,188,21.1735924,7810,2024-02-19 10:25:33,52.1987304,011,52.70232562638458
24027,188,21.1776087,7810,2024-02-19 10:26:06,52.1947117,011,57.16784493574566
25796,188,21.1813517,7810,2024-02-19 10:26:40,52.1909859,011,51.51694924420045
36404,188,21.1989287,7810,2024-02-19 10:29:48,52.1734404,011,50.085474647359305
43476,141,21.0785747,7811,2024-02-19 10:31:45,52.2358326,4,52.45213482107363
48780,141,21.0676267,7811,2024-02-19 10:33:26,52.2299654,4,52.01501857310408
2819,182,21.0888866,7814,2024-02-19 10:19:43,52.2361099,2,51.65912965903015
27568,182,21.0441502,7814,2024-02-19 10:27:13,52.224458,2,54.013457256435935
36408,182,21.0254592,7814,2024-02-19 10:29:46,52.2194502,2,52.39509599279415
29347,141,21.0509484,7825,2024-02-19 10:27:35,52.22564,6,52.024206087001915
41723,141,21.0777472,7825,2024-02-19 10:31:14,52.2345092,6,51.505871388376484
8135,125,21.1421906,7829,2024-02-19 10:21:16,52.2276936,1,50.953876450317104
8138,145,21.114653,7833,2024-02-19 10:21:01,52.239718,9,67.02444502233766
36429,507,21.0212661,7835,2024-02-19 10:29:47,52.2316464,1,63.04160887467545
4613,502,21.094948,7843,2024-02-19 10:20:07,52.2349579,468,52.237107473285775
24060,502,21.1271959,7843,2024-02-19 10:26:05,52.2326864,468,59.789846150226865
25829,502,21.1346857,7843,2024-02-19 10:26:40,52.2307797,468,56.817155171135006
32901,502,21.1510539,7843,2024-02-19 10:28:42,52.2262165,468,50.35160843879991
43507,502,21.1704727,7843,2024-02-19 10:31:45,52.2255266,468,57.907338603987846
45275,502,21.1778315,7843,2024-02-19 10:32:20,52.2252497,468,51.652422757302894
47043,502,21.1900234,7843,2024-02-19 10:33:04,52.2248176,468,68.05840491265815
48812,502,21.1967399,7843,2024-02-19 10:33:27,52.224593,468,71.71366254551702
50581,502,21.205613,7843,2024-02-19 10:33:59,52.224295,468,68.09578933329088
52350,502,21.2133266,7843,2024-02-19 10:34:33,52.2240252,468,55.7225397309351
32903,151,21.1036609,7845,2024-02-19 10:28:42,52.230472,04,51.01795260234297
50583,151,21.1064219,7845,2024-02-19 10:34:00,52.2336957,04,53.87296618732221
4617,502,21.1975045,7847,2024-02-19 10:20:05,52.224657,464,70.12664561468173
6385,502,21.1868364,7847,2024-02-19 10:20:41,52.2249933,464,72.76093886446245
8152,502,21.1777356,7847,2024-02-19 10:21:12,52.2253088,464,72.10219256553933
9919,502,21.1707925,7847,2024-02-19 10:21:37,52.2255521,464,68.21130367100398
22295,502,21.144866,7847,2024-02-19 10:25:30,52.2266738,464,55.551978275049514
27601,502,21.132694,7847,2024-02-19 10:27:10,52.2318785,464,51.860171850868575
43511,502,21.1078156,7847,2024-02-19 10:31:41,52.2337571,464,53.9482503107737
9929,720,21.1076567,7857,2024-02-19 10:21:38,52.2412765,2,51.55206322448451
34692,145,21.0567105,7866,2024-02-19 10:29:13,52.2923706,5,54.67425293175338
17012,125,21.1348087,7869,2024-02-19 10:24:01,52.2307527,3,56.879385681037554
18780,125,21.1406832,7869,2024-02-19 10:24:35,52.2282059,3,51.901004676060666
24086,125,21.1522839,7869,2024-02-19 10:26:06,52.2261561,3,54.0322022606973
32928,509,21.048975,7870,2024-02-19 10:28:42,52.2439897,15,52.677526042893476
24093,502,21.036146,7876,2024-02-19 10:26:05,52.2219747,1,57.23831591511689
29398,502,21.0480412,7876,2024-02-19 10:27:36,52.2250894,1,56.093897798562026
31166,502,21.0548422,7876,2024-02-19 10:28:09,52.2264579,1,53.19135472917169
13490,502,21.0892311,7883,2024-02-19 10:22:51,52.2360156,463,55.88007301962191
38245,502,21.0515469,7883,2024-02-19 10:30:12,52.2259479,463,50.33355772544427
40013,502,21.0443222,7883,2024-02-19 10:30:42,52.2244736,463,62.242476140717024
41780,502,21.0374293,7883,2024-02-19 10:31:18,52.2224921,463,51.86457576226675
31175,514,21.1466162,7886,2024-02-19 10:28:09,52.250538,4,57.91215049569563
32943,514,21.1423074,7886,2024-02-19 10:28:42,52.2471826,4,51.77502116082946
25876,L48,21.2874348,80101,2024-02-19 10:26:38,52.222648,1,52.02651001656856
27647,L47,21.276612,80104,2024-02-19 10:27:14,52.2521018,02,51.39887683991703
32951,L47,21.2881706,80104,2024-02-19 10:28:41,52.2515861,02,50.118436952037094
36487,L47,21.2943395,80104,2024-02-19 10:29:44,52.2567118,02,55.29005324311472
38255,L47,21.2948215,80104,2024-02-19 10:30:07,52.2605241,02,66.54927773565062
48863,L47,21.3167476,80104,2024-02-19 10:33:26,52.2773659,02,68.1757664302188
50632,L47,21.3227147,80104,2024-02-19 10:33:59,52.2838691,02,90.46576738858124
52400,L47,21.3244394,80104,2024-02-19 10:34:33,52.29222,02,99.10146914061588
9977,L40,21.2595144,80116,2024-02-19 10:21:31,52.3522141,2,54.49041418195955
38273,L32,20.9813035,80124,2024-02-19 10:30:00,52.0308913,1,54.85600534762494
17065,141,21.1129266,8308,2024-02-19 10:23:52,52.2361466,5,50.85472417593826
29444,189,20.942745,8309,2024-02-19 10:27:33,52.1931691,12,51.75509817867604
50661,189,20.9732241,8309,2024-02-19 10:33:58,52.18519,12,55.05677704781878
2933,148,21.0675466,8316,2024-02-19 10:19:38,52.2026216,8,52.76142489376217
10002,148,21.0790266,8316,2024-02-19 10:21:37,52.2045633,8,91.06086773559426
15305,148,21.0938783,8316,2024-02-19 10:23:30,52.2151716,8,66.48207561578928
17073,148,21.0983416,8316,2024-02-19 10:23:58,52.2179533,8,55.7667956645494
20610,148,21.1033116,8316,2024-02-19 10:24:56,52.2209783,8,55.839847058536016
4704,504,21.012748,8320,2024-02-19 10:20:03,52.1680656,2,62.45872088787198
10006,504,21.0173946,8320,2024-02-19 10:21:38,52.1566973,2,68.03813364416072
4707,138,21.0467221,8323,2024-02-19 10:20:02,52.2249506,9,53.825764581722886
13544,138,21.0278991,8323,2024-02-19 10:22:47,52.2200283,9,51.08595923099117
11777,168,21.08647,8324,2024-02-19 10:22:27,52.2102155,5,52.31864758400036
13545,168,21.084015,8324,2024-02-19 10:22:52,52.2074281,5,50.71753772817374
25924,168,21.1077511,8325,2024-02-19 10:26:35,52.2334461,7,56.14988299941537
17088,710,21.1056515,8331,2024-02-19 10:23:57,52.1173656,5,58.952425945567796
33005,162,21.0303423,8334,2024-02-19 10:28:31,52.2476858,7,81.83388884052837
47153,709,21.0174245,8339,2024-02-19 10:33:02,52.1554423,4,56.07220789438835
48922,709,21.0174058,8339,2024-02-19 10:33:26,52.15219,4,54.24622653155994
48938,709,21.018986,8356,2024-02-19 10:33:20,52.094631,6,53.77970540156274
10049,727,21.018793,8364,2024-02-19 10:21:32,52.102346,3,56.14361216621429
29498,727,21.01819,8364,2024-02-19 10:27:32,52.12783,3,51.182118514507884
36570,727,21.018,8364,2024-02-19 10:29:32,52.136319,3,52.520485797265295
38338,727,21.018081,8364,2024-02-19 10:29:52,52.138948,3,52.62907070052492
10050,143,21.045599,8365,2024-02-19 10:21:37,52.2247068,1,50.43090426477261
10056,521,21.09722,8397,2024-02-19 10:21:28,52.24328,08,55.53144263729204
43651,120,21.053497,8442,2024-02-19 10:31:46,52.35527,7,50.22439802619009
33047,731,20.9466412,8444,2024-02-19 10:28:41,52.4018342,480,57.052411582207974
20672,509,21.012686,8446,2024-02-19 10:24:57,52.277691,13,58.661158356176855
29513,509,21.002384,8446,2024-02-19 10:27:29,52.291206,13,50.23842112673149
36585,509,20.995598,8446,2024-02-19 10:29:44,52.2976,13,50.70565143929483
38353,509,20.992353,8446,2024-02-19 10:30:09,52.30069,13,58.80183972213888
6535,132,21.024895,8451,2024-02-19 10:20:40,52.297218,1,62.96199919594921
17140,132,21.04845,8451,2024-02-19 10:23:58,52.303585,1,70.79033655719297
34825,120,21.057438,8454,2024-02-19 10:29:13,52.265034,1,50.379282517033694
20685,735,20.997644,8459,2024-02-19 10:24:56,52.295277,66,52.10377411845039
24222,735,20.99579,8459,2024-02-19 10:26:02,52.287758,66,53.798578569100556
25990,735,20.989462,8459,2024-02-19 10:26:37,52.284828,66,55.52528149256554
27758,735,20.982765,8459,2024-02-19 10:27:13,52.281792,66,56.70092278457264
29526,735,20.979189,8459,2024-02-19 10:27:33,52.280148,66,54.77347552292401
6544,500,21.027113,8460,2024-02-19 10:20:41,52.265961,2,51.64374492159579
15381,500,21.006314,8460,2024-02-19 10:23:33,52.2599362,2,57.07706098563084
13615,520,21.0343536,8462,2024-02-19 10:22:50,52.2215266,5,66.3994985214866
17151,520,21.042677,8462,2024-02-19 10:23:59,52.223984,5,50.999793284953775
18919,520,21.050253,8462,2024-02-19 10:24:34,52.225529,5,55.941809800438804
20688,520,21.055738,8462,2024-02-19 10:24:58,52.226673,5,59.198681345781274
20691,509,21.0481577,8465,2024-02-19 10:24:59,52.245687,025,63.28224742648886
40141,709,21.0176817,8500,2024-02-19 10:30:44,52.1630683,5,71.52188190851167
27772,519,21.042455,8507,2024-02-19 10:26:54,52.194315,2,56.01397226676495
48990,710,21.04059,8509,2024-02-19 10:33:13,52.07665,2,71.98582777948924
10097,174,21.0038517,8513,2024-02-19 10:21:29,52.2242967,4,52.985827547391544
17176,710,21.04566,8523,2024-02-19 10:23:47,52.076815,6,60.14733627396149
18944,710,21.054266,8523,2024-02-19 10:24:27,52.076264,6,53.21952127172595
3042,709,21.0176467,8531,2024-02-19 10:19:31,52.1617833,9,57.74792155393883
3058,709,21.0176317,8550,2024-02-19 10:19:40,52.168005,1,50.607760744602
8360,709,21.017271,8550,2024-02-19 10:21:06,52.158065,1,64.74080965873557
3060,525,21.0450267,8552,2024-02-19 10:19:43,52.2246067,1,50.52617561888028
36659,509,20.997154,8563,2024-02-19 10:29:29,52.295803,7,51.473833918046786
45497,509,21.009395,8563,2024-02-19 10:32:10,52.282526,7,57.212455544241024
52572,509,21.017205,8563,2024-02-19 10:34:31,52.270478,7,52.3609049815397
8375,521,20.991873,8567,2024-02-19 10:21:09,52.22538,4,50.19018237032134
8378,525,21.0775783,8570,2024-02-19 10:21:13,52.2341683,319,50.14919792764949
38434,525,21.1283267,8570,2024-02-19 10:30:11,52.2326883,319,56.7611199766653
40202,525,21.1346217,8570,2024-02-19 10:30:42,52.2308067,319,55.39832044309067
47273,525,21.15485,8570,2024-02-19 10:33:02,52.22602,319,50.11221792573907
10152,402,21.061135,8577,2024-02-19 10:21:38,52.20187,2,54.6942590707848
11919,402,21.06821,8577,2024-02-19 10:22:12,52.20287,2,52.391299593049126
13687,402,21.0756783,8577,2024-02-19 10:22:44,52.20383,2,58.50186998448244
20760,402,21.089725,8577,2024-02-19 10:24:49,52.2124833,2,56.29012048566353
22528,402,21.0944183,8577,2024-02-19 10:25:20,52.215505,2,53.86428320056105
36673,402,21.1207367,8577,2024-02-19 10:29:47,52.2319133,2,52.118431519171395
10154,509,21.00693,8579,2024-02-19 10:21:20,52.286341,6,50.86400166082476
11921,509,21.011351,8579,2024-02-19 10:22:20,52.279343,6,50.05413146977899
6625,132,21.01505,8585,2024-02-19 10:20:34,52.29456,4,55.649288824138225
17230,132,20.9917283,8585,2024-02-19 10:23:46,52.2858333,4,57.45002395862125
18998,132,20.9835483,8585,2024-02-19 10:24:33,52.282125,4,53.0473351990906
20767,132,20.9804083,8585,2024-02-19 10:24:49,52.2806533,4,60.54433911996415
26072,132,20.9695733,8585,2024-02-19 10:26:26,52.2750017,4,54.7522927280959
6628,738,21.1397683,8588,2024-02-19 10:20:29,52.365145,1,53.104940009443695
13697,738,21.1476266,8588,2024-02-19 10:22:38,52.3741833,1,54.95540278464503
22538,738,21.1605167,8588,2024-02-19 10:25:30,52.389695,1,57.36462762254178
24307,738,21.1646417,8588,2024-02-19 10:26:02,52.3945483,1,68.39273574093947
38451,738,21.1734817,8588,2024-02-19 10:30:11,52.4056567,1,55.74560351970864
17235,500,21.046678,8590,2024-02-19 10:23:40,52.282421,3,55.23525728896651
36685,500,21.024013,8590,2024-02-19 10:29:41,52.264703,3,56.886332839153376
45523,500,21.009026,8590,2024-02-19 10:32:01,52.260591,3,53.967028268420634
47292,500,20.996963,8590,2024-02-19 10:33:01,52.258568,3,51.07653180007719
33152,738,21.0795583,8593,2024-02-19 10:28:39,52.29191,2,51.190986990236766
34920,738,21.0825017,8593,2024-02-19 10:29:10,52.295465,2,51.45589198169323
36688,738,21.08588,8593,2024-02-19 10:29:41,52.2995733,2,59.38085757170662
38456,738,21.08738,8593,2024-02-19 10:29:57,52.3014117,2,51.4021432671525
13703,705,21.0321733,8594,2024-02-19 10:22:40,52.4268367,64,51.93143705539611
22544,705,21.0378633,8594,2024-02-19 10:25:17,52.4157467,64,58.56745414420024
24313,705,21.038305,8594,2024-02-19 10:26:04,52.4080367,64,65.70660176081302
26081,705,21.0377367,8594,2024-02-19 10:26:36,52.4032917,64,59.51547692066195
38457,705,21.032318,8594,2024-02-19 10:30:05,52.390689,64,57.076372974703716
40225,705,21.0297267,8594,2024-02-19 10:30:36,52.384785,64,78.9259517815452
43759,705,21.0288567,8594,2024-02-19 10:31:39,52.3788233,64,50.42600971948204
50834,705,21.0288717,8594,2024-02-19 10:33:32,52.37325,64,60.35601837346747
52602,705,21.0284,8594,2024-02-19 10:34:22,52.3660383,64,57.7831432793052
17244,504,20.9788861,8804,2024-02-19 10:23:54,52.1841651,3,55.34732090561629
36701,143,21.0714735,8812,2024-02-19 10:29:45,52.2311678,011,54.42326774775386
6649,148,21.0943135,8815,2024-02-19 10:20:37,52.2156726,5,52.649344368007995
8416,148,21.0890101,8815,2024-02-19 10:21:12,52.2122676,5,53.83149645237753
13718,148,21.0784231,8815,2024-02-19 10:22:45,52.2045465,5,62.11497050859204
15486,148,21.0691216,8815,2024-02-19 10:23:29,52.2033828,5,52.93093391335872
27869,503,21.0392965,8820,2024-02-19 10:27:12,52.1972525,7,53.16937937882492
8423,138,21.0489105,8822,2024-02-19 10:21:16,52.2440966,4,51.285300464154744
49087,138,21.066867,8822,2024-02-19 10:33:21,52.2613023,4,53.4376314983858
19031,141,20.9713251,8824,2024-02-19 10:24:30,52.185797,9,56.81372608715519
3126,704,21.2177308,8827,2024-02-19 10:19:40,52.2239036,2,56.67711491689014
20803,704,21.2495231,8827,2024-02-19 10:24:55,52.2226761,2,51.32231977522951
36716,704,21.2850093,8827,2024-02-19 10:29:25,52.2215133,2,52.879614668419514
40252,704,21.2964173,8827,2024-02-19 10:30:44,52.2198915,2,51.62507833722988
43786,704,21.303393,8827,2024-02-19 10:31:44,52.2184028,2,52.05566552496687
45554,704,21.3099008,8827,2024-02-19 10:32:14,52.2169928,2,56.430036965322486
49092,704,21.3204255,8827,2024-02-19 10:33:24,52.2147248,2,60.49126185442449
50861,704,21.3281925,8827,2024-02-19 10:33:54,52.2130513,2,67.31250266337406
4894,704,21.2094961,8828,2024-02-19 10:20:07,52.2242745,1,50.66278916790082
8429,704,21.1956719,8828,2024-02-19 10:21:08,52.2247403,1,59.197407313912244
10196,704,21.1893831,8828,2024-02-19 10:21:37,52.2249428,1,53.24860222371002
11963,704,21.1791915,8828,2024-02-19 10:22:24,52.2252976,1,53.257557807505485
13731,704,21.1746286,8828,2024-02-19 10:22:46,52.2254463,1,50.92910700279608
15499,704,21.1651231,8828,2024-02-19 10:23:31,52.2257173,1,51.85185805647237
13732,520,21.0991331,8829,2024-02-19 10:22:48,52.2347451,1,50.83851545845301
20805,520,21.0886931,8829,2024-02-19 10:24:58,52.2361241,1,53.23681937423182
36718,520,21.0671345,8829,2024-02-19 10:29:38,52.2298168,1,79.4762992583716
49094,520,21.0375693,8829,2024-02-19 10:33:26,52.2225431,1,59.41580224433989
3129,523,20.9582286,8830,2024-02-19 10:19:43,52.2239765,6,51.922597523461675
4896,523,20.9575365,8830,2024-02-19 10:20:06,52.2271976,6,56.54487330471034
17269,523,20.9561226,8830,2024-02-19 10:23:56,52.2368693,6,55.33391063196065
38487,523,20.9214093,8830,2024-02-19 10:30:11,52.2401121,6,50.44164357489099
26114,143,21.1388651,8835,2024-02-19 10:26:35,52.2509158,2,63.72289317089636
27882,143,21.1373995,8835,2024-02-19 10:27:10,52.2460669,2,56.399359624861425
6670,141,21.046079,8839,2024-02-19 10:20:39,52.2248176,3,60.551690611863954
50872,523,21.0453461,8842,2024-02-19 10:33:57,52.2246885,9,68.1254130040712
52640,523,21.040487,8842,2024-02-19 10:34:22,52.223575,9,50.88661758332275
10207,504,21.0216248,8843,2024-02-19 10:21:37,52.1518666,7,52.90130436232053
17278,504,21.0175983,8843,2024-02-19 10:24:00,52.1594977,7,59.526504028963814
19046,504,21.0175797,8843,2024-02-19 10:24:33,52.1644916,7,60.577941110709844
22583,504,21.0108858,8843,2024-02-19 10:25:31,52.1691863,7,51.303924834624894
34961,402,21.1240966,8844,2024-02-19 10:29:12,52.2324793,4,59.140616717999634
45567,402,21.118947,8844,2024-02-19 10:32:17,52.2315603,4,54.56299838302817
47336,402,21.1106178,8844,2024-02-19 10:33:02,52.2261633,4,66.0644155227217
49105,402,21.1068725,8844,2024-02-19 10:33:22,52.2237316,4,66.91347786230675
50874,402,21.1003961,8844,2024-02-19 10:33:57,52.2195738,4,65.72986808446724
52642,402,21.0940755,8844,2024-02-19 10:34:32,52.215471,4,64.5249751861847
45568,720,21.3887963,8845,2024-02-19 10:32:14,52.141128,1,53.89021372368997
29661,520,21.0115515,8850,2024-02-19 10:27:29,52.2294945,6,50.055086226139075
47348,512,21.0576491,8858,2024-02-19 10:32:59,52.2652313,1,53.81643142320976
52654,512,21.0625631,8858,2024-02-19 10:34:25,52.2711888,1,50.56749468630722
20835,512,21.066005,8865,2024-02-19 10:24:43,52.288893,5,58.83681830076714
29679,111,21.040231,8869,2024-02-19 10:27:25,52.235728,9,85.11661400832959
29694,136,20.95831,8884,2024-02-19 10:27:21,52.222988,1,69.80898573189215
19097,136,21.016928,8899,2024-02-19 10:24:34,52.166626,3,54.9134047921648
29715,332,21.043684,9068,2024-02-19 10:27:32,52.326015,1,79.2609340288018
26186,211,20.974104,9075,2024-02-19 10:26:30,52.307064,1,87.034256016155
29722,211,20.971146,9075,2024-02-19 10:27:36,52.31012,1,64.61329648246378
43864,211,20.961382,9075,2024-02-19 10:31:39,52.316956,1,79.20735903812005
49170,211,20.968386,9075,2024-02-19 10:33:27,52.319519,1,67.3222748631977
40347,314,20.991438,9093,2024-02-19 10:30:45,52.310425,4,67.74944719384271
45658,164,21.086551,9208,2024-02-19 10:32:17,52.159973,1,54.614019838081454
10307,201,20.9440902,9226,2024-02-19 10:21:37,52.2657962,1,52.3650691808498
52752,211,20.994064,9253,2024-02-19 10:34:33,52.299036,460,63.221777940047396
26242,142,21.226288,9316,2024-02-19 10:26:29,52.171135,469,62.86829479216915
24493,739,21.018185,9335,2024-02-19 10:26:02,52.119068,2,59.66623511206863
40405,739,21.018805,9335,2024-02-19 10:30:44,52.099823,2,54.79573533753596
51035,198,21.223827,9356,2024-02-19 10:33:58,52.227791,2,51.53302625872456
20978,739,21.017698,9357,2024-02-19 10:24:56,52.159077,4,62.77956317244372
22746,739,21.017761,9357,2024-02-19 10:25:31,52.164215,4,58.76595712998867
8609,516,20.977657,9405,2024-02-19 10:20:55,52.313408,4,66.86871631448535
12143,516,20.984371,9405,2024-02-19 10:21:56,52.306957,4,53.69039743867143
22752,516,21.000675,9405,2024-02-19 10:25:25,52.292519,4,63.6402453877496
3311,103,20.957928,9414,2024-02-19 10:19:40,52.245934,010,61.701889767102315
5078,103,20.956425,9414,2024-02-19 10:20:05,52.249519,010,59.26415152006292
8613,103,20.948563,9414,2024-02-19 10:21:12,52.256653,010,70.90044783648666
10380,103,20.950895,9414,2024-02-19 10:21:36,52.259464,010,52.58401237934513
12147,103,20.957172,9414,2024-02-19 10:22:23,52.26585,010,63.47371954559387
15683,103,20.967686,9414,2024-02-19 10:23:29,52.273773,010,80.46336647449724
20988,103,20.97912,9414,2024-02-19 10:24:56,52.279781,010,57.943832101097556
22756,103,20.986368,9414,2024-02-19 10:25:31,52.283173,010,63.85171494294621
24525,103,20.992659,9414,2024-02-19 10:26:01,52.285992,010,63.65423277229262
26293,103,21.000378,9414,2024-02-19 10:26:37,52.289181,010,63.3559135955289
29829,103,20.998732,9414,2024-02-19 10:27:34,52.294819,010,63.191303398126465
31597,103,20.994366,9414,2024-02-19 10:28:04,52.298752,010,63.43099901389736
33365,103,20.990379,9414,2024-02-19 10:28:40,52.302662,010,51.237249266530526
38669,103,20.984077,9414,2024-02-19 10:30:09,52.308121,010,53.80281493653513
29833,326,20.977392,9418,2024-02-19 10:27:35,52.278885,1,59.84121741395307
35137,326,20.989418,9418,2024-02-19 10:29:10,52.284557,1,58.95566413640677
36905,326,20.995916,9418,2024-02-19 10:29:42,52.287491,1,61.802957440198824
38673,326,21.001755,9418,2024-02-19 10:30:10,52.289539,1,58.8606881455407
42208,326,20.997408,9418,2024-02-19 10:31:16,52.29591,1,59.019600773386365
43975,326,20.994091,9418,2024-02-19 10:31:42,52.299,1,56.910067767288446
21004,516,20.955173,9430,2024-02-19 10:24:57,52.320766,2,83.19014693705289
3331,326,21.028456,9434,2024-02-19 10:19:40,52.342812,2,54.97125258068537
6866,326,21.029078,9434,2024-02-19 10:20:38,52.33794,2,50.333222793767135
17471,326,21.025703,9434,2024-02-19 10:23:55,52.322468,2,78.35354971586716
19239,326,21.019482,9434,2024-02-19 10:24:35,52.318882,2,52.30667851114547
38692,516,20.992861,9437,2024-02-19 10:30:07,52.300159,3,56.620453889543775
5102,326,21.057756,9438,2024-02-19 10:20:03,52.305897,3,50.29944482790077
15707,326,21.05265,9438,2024-02-19 10:23:27,52.305103,3,60.495148215270234
3338,157,21.004683,9441,2024-02-19 10:19:35,52.290836,011,57.95998952432583
5105,157,21.01063,9441,2024-02-19 10:20:05,52.292759,011,54.90086198422144
6873,157,21.016607,9441,2024-02-19 10:20:35,52.2943,011,52.935303476473926
24573,715,20.926148667,9502,2024-02-19 10:26:04,52.1597155,53,50.1926392362319
38719,220,20.8940845,9505,2024-02-19 10:30:10,52.210124667,1,53.89058250986793
36964,121,20.893490833,9518,2024-02-19 10:29:46,52.209306667,04,54.279965737260824
38732,121,20.891468833,9518,2024-02-19 10:30:11,52.206159167,04,54.16265974863586
6911,194,20.9154985,9520,2024-02-19 10:20:36,52.2170665,65,54.17178628321439
45807,743,20.798560167,9524,2024-02-19 10:32:16,52.230647667,3,51.151095367397325
49348,743,20.763875667,9527,2024-02-19 10:33:24,52.231598833,2,71.57509991441194
52885,743,20.751139167,9527,2024-02-19 10:34:29,52.230769667,2,56.43348034566924
6928,715,20.926541333,9539,2024-02-19 10:20:41,52.169178,058,50.017412720733226
8695,715,20.918925333,9539,2024-02-19 10:21:16,52.171513,058,59.72645790683781
10462,715,20.9155855,9539,2024-02-19 10:21:36,52.173227167,058,53.45871083324606
12229,715,20.915058167,9539,2024-02-19 10:22:26,52.1797985,058,52.673983463714315
13997,715,20.916070667,9539,2024-02-19 10:22:46,52.182719833,058,59.776511622668494
15765,715,20.9181985,9539,2024-02-19 10:23:31,52.188634,058,53.87478429191248
21070,715,20.912377167,9539,2024-02-19 10:24:56,52.193929667,058,53.44093452038583
22838,715,20.906078667,9539,2024-02-19 10:25:31,52.1970855,058,57.03128797243885
24607,715,20.900451667,9539,2024-02-19 10:26:01,52.200243667,058,62.399649676178754
35215,715,20.8874275,9539,2024-02-19 10:29:06,52.206242,058,50.20916904695133
40523,712,20.855311167,9543,2024-02-19 10:30:44,52.262600333,1,53.250581140881586
44057,712,20.861065667,9543,2024-02-19 10:31:44,52.26974,1,59.638886247651996
45825,712,20.86475,9543,2024-02-19 10:32:19,52.2741345,1,56.489063448506585
5165,194,20.914400167,9545,2024-02-19 10:20:06,52.214174,63,56.870417347351555
38756,194,20.890830167,9545,2024-02-19 10:30:11,52.1985545,63,52.21150039437233
28155,194,20.895525833,9553,2024-02-19 10:27:12,52.200135333,1,52.36887528096044
35227,194,20.8918265,9553,2024-02-19 10:29:12,52.205725333,1,50.54691896609036
21085,715,20.999543333,9556,2024-02-19 10:24:58,52.109915833,55,55.459127860781166
47613,736,20.990915,9675,2024-02-19 10:33:04,52.30209,1,50.14330050159333
29940,226,21.0452339,9689,2024-02-19 10:27:37,52.3030714,1,58.794896034646285
31708,226,21.036956,9689,2024-02-19 10:28:09,52.301013,1,68.35702919879358
14031,110,20.888899,9697,2024-02-19 10:22:50,52.285648,71,50.03895756671438
15799,110,20.880686,9697,2024-02-19 10:23:31,52.286743,71,50.20351514873389
42320,110,20.882984,9697,2024-02-19 10:31:16,52.311008,71,62.00865834527661
44087,110,20.882853,9697,2024-02-19 10:31:42,52.314701,71,56.87161100021825
49398,185,21.03403,9803,2024-02-19 10:33:26,52.16681,1,56.33255714781362
29963,167,20.958535,9816,2024-02-19 10:27:31,52.22341,1,53.37743089227978
5223,167,21.043343,9827,2024-02-19 10:20:02,52.22524,014,50.832689613852
8758,167,21.03325,9827,2024-02-19 10:21:09,52.221344,014,58.70015196740616
10525,167,21.026795,9827,2024-02-19 10:21:36,52.21976,014,63.157690835209195
12292,167,21.01549,9827,2024-02-19 10:22:24,52.21714,014,61.75509038982839
14060,167,21.009553,9827,2024-02-19 10:22:48,52.21743,014,60.86180725998511
15828,167,20.99799,9827,2024-02-19 10:23:33,52.217,014,63.135027277786065
17596,167,20.99213,9827,2024-02-19 10:23:57,52.21663,014,60.200232535382995
29974,167,20.961632,9827,2024-02-19 10:27:33,52.21666,014,59.77933500862139
31742,167,20.95544,9827,2024-02-19 10:28:06,52.21425,014,54.5205482459382
35278,167,20.94642,9827,2024-02-19 10:29:09,52.2082,014,55.629447728592346
38814,167,20.93837,9827,2024-02-19 10:30:00,52.20282,014,59.16186489320258
45884,167,20.91618,9827,2024-02-19 10:32:18,52.19034,014,53.545907775201286
51191,167,20.90255,9827,2024-02-19 10:33:59,52.19892,014,54.456358044301965
52959,167,20.89761,9827,2024-02-19 10:34:29,52.2018,014,55.758114237832096
52960,185,21.02487,9828,2024-02-19 10:34:26,52.244431,11,98.52573208757859
42351,167,20.960495,9829,2024-02-19 10:31:01,52.21633,8,66.9075479723182
5227,185,21.043915,9831,2024-02-19 10:20:07,52.15716,12,50.84055070215205
12297,185,21.034043,9832,2024-02-19 10:22:26,52.23687,6,61.13934289076986
40588,167,20.927521,9833,2024-02-19 10:30:41,52.24065,9,52.62270328500359
38826,167,20.8925,9839,2024-02-19 10:30:08,52.26172,10,51.89411320341591
3469,131,21.063004,9840,2024-02-19 10:19:12,52.18776,7,51.31900953081288
35304,131,21.052308,9853,2024-02-19 10:28:59,52.197663,9,54.45316801336157
38845,114,20.931536,9904,2024-02-19 10:30:11,52.293938,3,58.60452483255699
38853,114,21.024839,9912,2024-02-19 10:30:08,52.286766,7,62.11039656316774
3496,114,20.987131,9913,2024-02-19 10:19:42,52.282829,5,57.76929263670152
12332,114,20.994228,9913,2024-02-19 10:22:27,52.271305,5,86.4576175808054
3498,186,20.982075,9915,2024-02-19 10:19:42,52.281498,6,79.45248601793908
30016,186,20.949123,9915,2024-02-19 10:27:36,52.255642,6,67.48886973723184
47700,210,20.788399,9920,2024-02-19 10:33:00,52.299728,5,55.18472315416487
40633,186,20.996595,9925,2024-02-19 10:30:11,52.288097,495,80.23758166859531
42400,186,20.99473,9925,2024-02-19 10:30:22,52.287243,495,51.85919723077102
44167,186,20.989643,9925,2024-02-19 10:30:52,52.28492,495,51.8158879243954
45935,186,20.988159,9925,2024-02-19 10:31:01,52.284245,495,50.31647709513099
47704,186,20.979557,9925,2024-02-19 10:31:52,52.280312,495,51.566537625942146
8810,210,20.796545,9926,2024-02-19 10:20:53,52.29707,3,52.13815324511693
26495,186,20.963186,9932,2024-02-19 10:26:37,52.207966,4,67.25253099195976
10583,114,20.932482,9933,2024-02-19 10:21:34,52.287975,4,70.55397266823509
22959,114,20.934896,9933,2024-02-19 10:25:29,52.297947,4,50.28914550360515
30032,114,20.937939,9933,2024-02-19 10:27:27,52.303455,4,55.163741101166046
35336,114,20.92528,9933,2024-02-19 10:29:15,52.308716,4,52.600082802845144
14121,114,20.930988,9936,2024-02-19 10:22:21,52.292885,M22,59.91657229591343
14136,186,20.994503,9952,2024-02-19 10:22:42,52.286774,11,58.00936624246865
15904,186,20.99851,9952,2024-02-19 10:23:02,52.288578,11,60.913521173067345
17672,186,21.002733,9952,2024-02-19 10:23:22,52.289738,11,56.6750854464986
21209,186,20.996349,9952,2024-02-19 10:24:32,52.296909,11,55.317774200284674
5301,186,20.957968,9954,2024-02-19 10:20:04,52.242512,12,54.70157911992168
7069,186,20.95779,9954,2024-02-19 10:20:39,52.246963,12,50.92220243674207
15906,186,20.952652,9954,2024-02-19 10:23:34,52.261028,12,52.084888444941434
42427,186,20.989136,9954,2024-02-19 10:31:14,52.284367,12,60.21373988209099
44194,186,20.994354,9954,2024-02-19 10:31:44,52.286728,12,52.97698927762314
45962,186,21.000404,9954,2024-02-19 10:32:19,52.289135,12,50.49125509045943
49500,186,20.999483,9954,2024-02-19 10:33:24,52.294117,12,74.3466299347437
51269,186,20.994442,9954,2024-02-19 10:33:59,52.298687,12,63.0494689215803
53037,186,20.990145,9954,2024-02-19 10:34:32,52.302914,12,60.374881114727174
3535,114,21.00407,9955,2024-02-19 10:19:14,52.291092,6,51.31187919525771
